x, y, vx, vy
0, 0, 4, 0
0, 4, 4, 0
0, 8, 4, 0
0, 12, 4, 0
0, 16, 4, 0
0, 20, 4, 0
0, 24, 4, 0
0, 28, 4, 0
0, 32, 4, 0
0, 36, 4, 0
0, 40, 4, 0
0, 44, 4, 0
0, 48, 4, 0
0, 52, 4, 0
0, 56, 4, 0
0, 60, 4, 0
0, 64, 4, 0
0, 68, 4, 0
0, 72, 4, 0
0, 76, 4, 0
0, 80, 4, 0
0, 84, 4, 0
0, 88, 4, 0
0, 92, 4, 0
0, 96, 4, 0
0, 100, 4, 0
0, 104, 4, 0
0, 108, 4, 0
0, 112, 4, 0
0, 116, 4, 0
0, 120, 4, 0
0, 124, 4, 0
0, 128, 4, 0
0, 132, 4, 0
0, 136, 4, 0
0, 140, 4, 0
0, 144, 4, 0
0, 148, 4, 0
0, 152, 4, 0
0, 156, 4, 0
0, 160, 4, 0
0, 164, 4, 0
0, 168, 4, 0
0, 172, 4, 0
0, 176, 4, 0
0, 180, 4, 0
0, 184, 4, 0
0, 188, 4, 0
0, 192, 4, 0
0, 196, 4, 0
4, 0, 4.13033, 0.00784138
4, 4, 4.12898, -0.00135012
4, 8, 4.1244, -0.0217203
4, 12, 4.11611, -0.0622784
4, 16, 4.10625, -0.128098
4, 20, 4.0975, -0.215747
4, 24, 4.08958, -0.312028
4, 28, 4.07958, -0.403166
4, 32, 4.06635, -0.483266
4, 36, 4.05181, -0.549805
4, 40, 4.03673, -0.598736
4, 44, 4.01898, -0.630563
4, 48, 3.99596, -0.656022
4, 52, 3.967, -0.691824
4, 56, 3.93394, -0.753
4, 60, 3.89912, -0.852835
4, 64, 3.86264, -1.00741
4, 68, 3.81955, -1.23711
4, 72, 3.76098, -1.55513
4, 76, 3.68017, -1.93113
4, 80, 3.56758, -2.29338
4, 84, 3.39312, -2.53491
4, 88, 3.15874, -2.49077
4, 92, 2.88765, -1.98598
4, 96, 2.6596, -1.13848
4, 100, 2.61555, -0.0117236
4, 104, 2.65825, 1.11551
4, 108, 2.88507, 1.9649
4, 112, 3.15546, 2.47257
4, 116, 3.38967, 2.52138
4, 120, 3.5641, 2.28418
4, 124, 3.67642, 1.92521
4, 128, 3.75658, 1.55165
4, 132, 3.81445, 1.23545
4, 136, 3.8568, 1.00662
4, 140, 3.89264, 0.852479
4, 144, 3.92733, 0.753157
4, 148, 3.96085, 0.692879
4, 152, 3.9906, 0.658397
4, 156, 4.01436, 0.634226
4, 160, 4.03252, 0.603382
4, 164, 4.04771, 0.555382
4, 168, 4.06258, 0.489922
4, 172, 4.07673, 0.410848
4, 176, 4.0881, 0.320649
4, 180, 4.09743, 0.22547
4, 184, 4.10714, 0.139119
4, 188, 4.11717, 0.0747372
4, 192, 4.12508, 0.0356981
4, 196, 4.12924, 0.016559
8, 0, 4.26374, 0.0101514
8, 4, 4.25987, -0.00291663
8, 8, 4.24972, -0.0268352
8, 12, 4.23549, -0.0690483
8, 16, 4.22147, -0.13345
8, 20, 4.21263, -0.219615
8, 24, 4.21048, -0.322134
8, 28, 4.21166, -0.434069
8, 32, 4.21367, -0.551219
8, 36, 4.21821, -0.673982
8, 40, 4.22635, -0.805068
8, 44, 4.23495, -0.950438
8, 48, 4.23911, -1.12145
8, 52, 4.23866, -1.33111
8, 56, 4.24345, -1.59457
8, 60, 4.26664, -1.9393
8, 64, 4.31161, -2.40454
8, 68, 4.36334, -3.01554
8, 72, 4.39342, -3.74613
8, 76, 4.36648, -4.58063
8, 80, 4.15521, -5.41515
8, 84, 3.55753, -5.8467
8, 88, 2.69719, -5.20017
8, 92, 1.6458, -4.31959
8, 96, 1.06332, -2.05701
8, 100, 0.911489, -0.016612
8, 104, 1.06129, 2.02732
8, 108, 1.64273, 4.28776
8, 112, 2.6908, 5.17337
8, 116, 3.55009, 5.82407
8, 120, 4.14745, 5.39752
8, 124, 4.3592, 4.56724
8, 128, 4.38634, 3.73567
8, 132, 4.35592, 3.00745
8, 136, 4.30366, 2.39873
8, 140, 4.25853, 1.93609
8, 144, 4.23569, 1.59444
8, 148, 4.23164, 1.33447
8, 152, 4.23304, 1.12849
8, 156, 4.22985, 0.960672
8, 160, 4.2221, 0.817684
8, 164, 4.21476, 0.688641
8, 168, 4.21112, 0.567859
8, 172, 4.21016, 0.45218
8, 176, 4.21006, 0.340991
8, 180, 4.21318, 0.238771
8, 184, 4.22281, 0.15257
8, 188, 4.23726, 0.0880213
8, 192, 4.2513, 0.0460944
8, 196, 4.26075, 0.0228551
12, 0, 4.36657, 0.0117071
12, 4, 4.36014, -0.00726536
12, 8, 4.3445, -0.0350635
12, 12, 4.32544, -0.0775603
12, 16, 4.3104, -0.138555
12, 20, 4.30638, -0.220795
12, 24, 4.31695, -0.326224
12, 28, 4.34138, -0.453382
12, 32, 4.37862, -0.598429
12, 36, 4.42961, -0.764719
12, 40, 4.49423, -0.965063
12, 44, 4.56773, -1.21909
12, 48, 4.64217, -1.54879
12, 52, 4.71523, -1.97042
12, 56, 4.79996, -2.49141
12, 60, 4.92877, -3.12417
12, 64, 5.13605, -3.91458
12, 68, 5.4181, -4.92574
12, 72, 5.64546, -6.25603
12, 76, 5.54812, -7.72992
12, 80, 4.66117, -8.38671
12, 84, 2.21452, -4.94277
12, 88, 0, 0
12, 92, 0, 0
12, 96, 0, 0
12, 100, 0, 0
12, 104, 0, 0
12, 108, 0, 0
12, 112, 0, 0
12, 116, 2.20759, 4.92594
12, 120, 4.64843, 8.36139
12, 124, 5.53529, 7.70979
12, 128, 5.63262, 6.24168
12, 132, 5.40493, 4.91626
12, 136, 5.12297, 3.9094
12, 140, 4.91655, 3.12362
12, 144, 4.78899, 2.49542
12, 148, 4.7056, 1.97904
12, 152, 4.63393, 1.56147
12, 156, 4.56086, 1.23471
12, 160, 4.48884, 0.982601
12, 164, 4.42599, 0.783841
12, 168, 4.37695, 0.619138
12, 172, 4.34155, 0.475253
12, 176, 4.31848, 0.348536
12, 180, 4.3085, 0.24325
12, 184, 4.31255, 0.16119
12, 188, 4.32754, 0.100278
12, 192, 4.34645, 0.0578921
12, 196, 4.3614, 0.0304469
16, 0, 4.45764, 0.0130851
16, 4, 4.45021, -0.0423704
16, 8, 4.43249, -0.101352
16, 12, 4.41242, -0.167533
16, 16, 4.3987, -0.244837
16, 20, 4.40011, -0.337705
16, 24, 4.42464, -0.451933
16, 28, 4.47761, -0.589729
16, 32, 4.56075, -0.749116
16, 36, 4.67386, -0.935634
16, 40, 4.81618, -1.16829
16, 44, 4.98458, -1.47733
16, 48, 5.17083, -1.89724
16, 52, 5.36562, -2.45078
16, 56, 5.58177, -3.15159
16, 60, 5.87074, -4.04382
16, 64, 6.30501, -5.16217
16, 68, 6.90389, -6.63827
16, 72, 7.3909, -8.39883
16, 76, 5.01249, -6.87614
16, 80, 0, 0
16, 84, 0, 0
16, 88, 0, 0
16, 92, 0, 0
16, 96, 0, 0
16, 100, 0, 0
16, 104, 0, 0
16, 108, 0, 0
16, 112, 0, 0
16, 116, 0, 0
16, 120, 0, 0
16, 124, 4.99556, 6.85356
16, 128, 7.36833, 8.37655
16, 132, 6.88241, 6.6236
16, 136, 6.28437, 5.15359
16, 140, 5.85149, 4.04103
16, 144, 5.56448, 3.15533
16, 148, 5.35067, 2.46085
16, 152, 5.15829, 1.91311
16, 156, 4.97443, 1.4977
16, 160, 4.80855, 1.19205
16, 164, 4.66909, 0.962182
16, 168, 4.55898, 0.777817
16, 172, 4.47859, 0.619395
16, 176, 4.4277, 0.481107
16, 180, 4.40411, 0.365691
16, 184, 4.40241, 0.271973
16, 188, 4.41517, 0.194318
16, 192, 4.43428, 0.127888
16, 196, 4.45115, 0.0686517
20, 0, 4.52164, 0.0163635
20, 4, 4.51691, -0.0538704
20, 8, 4.50507, -0.120907
20, 12, 4.49105, -0.185408
20, 16, 4.48281, -0.249299
20, 20, 4.49185, -0.315829
20, 24, 4.53096, -0.392754
20, 28, 4.61086, -0.487864
20, 32, 4.73725, -0.606579
20, 36, 4.91232, -0.759418
20, 40, 5.14018, -0.970529
20, 44, 5.42664, -1.28364
20, 48, 5.76864, -1.75833
20, 52, 6.14864, -2.44856
20, 56, 6.56775, -3.38938
20, 60, 7.12895, -4.5999
20, 64, 7.97503, -6.281
20, 68, 8.71227, -8.07589
20, 72, 4.58848, -4.63444
20, 76, 0, 0
20, 80, 0, 0
20, 84, 0, 0
20, 88, 0, 0
20, 92, 0, 0
20, 96, 0, 0
20, 100, 0, 0
20, 104, 0, 0
20, 108, 0, 0
20, 112, 0, 0
20, 116, 0, 0
20, 120, 0, 0
20, 124, 0, 0
20, 128, 4.56451, 4.61179
20, 132, 8.67769, 8.05321
20, 136, 7.94364, 6.27199
20, 140, 7.10031, 4.6027
20, 144, 6.54142, 3.40135
20, 148, 6.12603, 2.46902
20, 152, 5.7503, 1.78489
20, 156, 5.41243, 1.31488
20, 160, 5.1302, 1.00555
20, 164, 4.90649, 0.797135
20, 168, 4.735, 0.645904
20, 172, 4.61155, 0.527545
20, 176, 4.53388, 0.431079
20, 180, 4.49605, 0.351701
20, 184, 4.48703, 0.283043
20, 188, 4.49421, 0.218193
20, 192, 4.50679, 0.153541
20, 196, 4.51752, 0.0865632
24, 0, 4.52851, 0.0198417
24, 4, 4.53036, -0.0496893
24, 8, 4.53397, -0.11817
24, 12, 4.53678, -0.18378
24, 16, 4.54457, -0.24316
24, 20, 4.57033, -0.296528
24, 24, 4.62956, -0.352058
24, 28, 4.73655, -0.421352
24, 32, 4.90205, -0.515536
24, 36, 5.13519, -0.647472
24, 40, 5.45009, -0.838508
24, 44, 5.8719, -1.13186
24, 48, 6.42462, -1.61348
24, 52, 7.09291, -2.40165
24, 56, 7.85938, -3.57382
24, 60, 8.91219, -5.27041
24, 64, 10.1202, -7.39456
24, 68, 5.78542, -5.25143
24, 72, 0, 0
24, 76, 0, 0
24, 80, 0, 0
24, 84, 0, 0
24, 88, 0, 0
24, 92, 0, 0
24, 96, 0, 0
24, 100, 0, 0
24, 104, 0, 0
24, 108, 0, 0
24, 112, 0, 0
24, 116, 0, 0
24, 120, 0, 0
24, 124, 0, 0
24, 128, 0, 0
24, 132, 5.73847, 5.21376
24, 136, 10.0676, 7.3838
24, 140, 8.86719, 5.28337
24, 144, 7.82037, 3.60368
24, 148, 7.06105, 2.44205
24, 152, 6.40041, 1.66106
24, 156, 5.85549, 1.18365
24, 160, 5.44037, 0.892055
24, 164, 5.1303, 0.701431
24, 168, 4.90061, 0.569336
24, 172, 4.73744, 0.473958
24, 176, 4.63197, 0.401896
24, 180, 4.57366, 0.342397
24, 184, 4.54813, 0.28528
24, 188, 4.53982, 0.22369
24, 192, 4.53603, 0.157461
24, 196, 4.53137, 0.0891791
28, 0, 4.52115, 0.0213044
28, 4, 4.52867, -0.0790705
28, 8, 4.54788, -0.187453
28, 12, 4.57182, -0.297796
28, 16, 4.60261, -0.397509
28, 20, 4.65112, -0.481605
28, 24, 4.73263, -0.556568
28, 28, 4.86369, -0.634819
28, 32, 5.06147, -0.729432
28, 36, 5.34451, -0.855688
28, 40, 5.73789, -1.03515
28, 44, 6.28883, -1.30647
28, 48, 7.06978, -1.75835
28, 52, 8.12561, -2.56024
28, 56, 9.43385, -3.93132
28, 60, 11.1893, -5.95731
28, 64, 9.96426, -6.34702
28, 68, 0, 0
28, 72, 0, 0
28, 76, 0, 0
28, 80, 0, 0
28, 84, 0, 0
28, 88, 0, 0
28, 92, 0, 0
28, 96, 0, 0
28, 100, 0, 0
28, 104, 0, 0
28, 108, 0, 0
28, 112, 0, 0
28, 116, 0, 0
28, 120, 0, 0
28, 124, 0, 0
28, 128, 0, 0
28, 132, 0, 0
28, 136, 9.84067, 6.29836
28, 140, 11.1133, 5.98426
28, 144, 9.37739, 3.98584
28, 148, 8.083, 2.62948
28, 152, 7.04084, 1.83322
28, 156, 6.27151, 1.38056
28, 160, 5.72931, 1.1069
28, 164, 5.34225, 0.924471
28, 168, 5.06275, 0.794865
28, 172, 4.86642, 0.69672
28, 176, 4.73578, 0.614275
28, 180, 4.65445, 0.534315
28, 184, 4.60603, 0.445386
28, 188, 4.57507, 0.342402
28, 192, 4.5506, 0.230653
28, 196, 4.53031, 0.121819
32, 0, 4.54795, 0.0212657
32, 4, 4.55671, -0.102325
32, 8, 4.5827, -0.243088
32, 12, 4.62209, -0.394211
32, 16, 4.67457, -0.536718
32, 20, 4.74611, -0.66084
32, 24, 4.84813, -0.771016
32, 28, 4.99797, -0.877641
32, 32, 5.22096, -0.991413
32, 36, 5.54638, -1.13095
32, 40, 6.00652, -1.32458
32, 44, 6.6693, -1.60437
32, 48, 7.67668, -2.05384
32, 52, 9.16478, -2.87332
32, 56, 11.1373, -4.35408
32, 60, 12.8198, -6.1736
32, 64, 1.15059, -0.771147
32, 68, 0, 0
32, 72, 0, 0
32, 76, 0, 0
32, 80, 0, 0
32, 84, 0, 0
32, 88, 0, 0
32, 92, 0, 0
32, 96, 0, 0
32, 100, 0, 0
32, 104, 0, 0
32, 108, 0, 0
32, 112, 0, 0
32, 116, 0, 0
32, 120, 0, 0
32, 124, 0, 0
32, 128, 0, 0
32, 132, 0, 0
32, 136, 1.11169, 0.74936
32, 140, 12.6745, 6.20055
32, 144, 11.0598, 4.44815
32, 148, 9.115, 2.98049
32, 152, 7.64474, 2.15828
32, 156, 6.6529, 1.70356
32, 160, 6.00251, 1.41492
32, 164, 5.54946, 1.21214
32, 168, 5.22658, 1.06496
32, 172, 5.00368, 0.94523
32, 176, 4.85323, 0.833345
32, 180, 4.75072, 0.717716
32, 184, 4.679, 0.588194
32, 188, 4.62632, 0.441431
32, 192, 4.58612, 0.287663
32, 196, 4.55857, 0.145391
36, 0, 4.60367, 0.01953
36, 4, 4.61248, -0.0697396
36, 8, 4.64296, -0.180473
36, 12, 4.69677, -0.3113
36, 16, 4.77236, -0.447015
36, 20, 4.86885, -0.579613
36, 24, 4.99159, -0.715012
36, 28, 5.15767, -0.860692
36, 32, 5.39991, -1.01929
36, 36, 5.76221, -1.20052
36, 40, 6.29027, -1.43193
36, 44, 7.06006, -1.74968
36, 48, 8.29272, -2.21417
36, 52, 10.2735, -3.02776
36, 56, 12.8855, -4.45695
36, 60, 10.9677, -4.20235
36, 64, 0, 0
36, 68, 0, 0
36, 72, 0, 0
36, 76, 0, 0
36, 80, 0, 0
36, 84, 0, 0
36, 88, 0, 0
36, 92, 0, 0
36, 96, 0, 0
36, 100, 0, 0
36, 104, 0, 0
36, 108, 0, 0
36, 112, 0, 0
36, 116, 0, 0
36, 120, 0, 0
36, 124, 0, 0
36, 128, 0, 0
36, 132, 0, 0
36, 136, 0, 0
36, 140, 10.5468, 4.13392
36, 144, 12.7693, 4.61254
36, 148, 10.2191, 3.19444
36, 152, 8.27132, 2.36561
36, 156, 7.05694, 1.87693
36, 160, 6.29887, 1.54053
36, 164, 5.77551, 1.29327
36, 168, 5.41243, 1.10001
36, 172, 5.16832, 0.932896
36, 176, 5.00084, 0.780354
36, 180, 4.87715, 0.638383
36, 184, 4.77997, 0.499309
36, 188, 4.70347, 0.357785
36, 192, 4.64789, 0.222554
36, 196, 4.61496, 0.109422
40, 0, 4.65449, 0.0173918
40, 4, 4.66591, -0.0267417
40, 8, 4.70683, -0.0879293
40, 12, 4.78087, -0.168257
40, 16, 4.88568, -0.26083
40, 20, 5.01458, -0.362871
40, 24, 5.16795, -0.482774
40, 28, 5.36229, -0.631143
40, 32, 5.63201, -0.815685
40, 36, 6.02743, -1.04564
40, 40, 6.61408, -1.33575
40, 44, 7.48747, -1.72165
40, 48, 8.92052, -2.25824
40, 52, 11.3557, -3.0972
40, 56, 14.0554, -4.18823
40, 60, 4.79289, -1.32054
40, 64, 0, 0
40, 68, 0, 0
40, 72, 0, 0
40, 76, 0, 0
40, 80, 0, 0
40, 84, 0, 0
40, 88, 0, 0
40, 92, 0, 0
40, 96, 0, 0
40, 100, 0, 0
40, 104, 0, 0
40, 108, 0, 0
40, 112, 0, 0
40, 116, 0, 0
40, 120, 0, 0
40, 124, 0, 0
40, 128, 0, 0
40, 132, 0, 0
40, 136, 0, 0
40, 140, 4.35661, 1.24526
40, 144, 13.7935, 4.38512
40, 148, 11.3375, 3.34938
40, 152, 8.93146, 2.45098
40, 156, 7.5109, 1.88045
40, 160, 6.64497, 1.46554
40, 164, 6.05507, 1.1507
40, 168, 5.65445, 0.9029
40, 172, 5.38166, 0.7059
40, 176, 5.1856, 0.547865
40, 180, 5.03074, 0.419737
40, 184, 4.89996, 0.310267
40, 188, 4.79238, 0.21102
40, 192, 4.71477, 0.125713
40, 196, 4.66997, 0.0620838
44, 0, 4.70494, 0.0157685
44, 4, 4.72101, -0.0030051
44, 8, 4.7753, -0.0357706
44, 12, 4.86852, -0.0855576
44, 16, 4.99817, -0.151515
44, 20, 5.15657, -0.23178
44, 24, 5.34221, -0.326098
44, 28, 5.5723, -0.439603
44, 32, 5.88588, -0.585566
44, 36, 6.33776, -0.788444
44, 40, 6.99173, -1.07264
44, 44, 7.97313, -1.45728
44, 48, 9.59278, -1.9919
44, 52, 12.3293, -2.71838
44, 56, 13.4583, -2.8927
44, 60, 1.27103, -0.118932
44, 64, 0, 0
44, 68, 0, 0
44, 72, 0, 0
44, 76, 0, 0
44, 80, 0, 0
44, 84, 0, 0
44, 88, 0, 0
44, 92, 0, 0
44, 96, 0, 0
44, 100, 0, 0
44, 104, 0, 0
44, 108, 0, 0
44, 112, 0, 0
44, 116, 0, 0
44, 120, 0, 0
44, 124, 0, 0
44, 128, 0, 0
44, 132, 0, 0
44, 136, 0, 0
44, 140, 1.00129, 0.127829
44, 144, 12.8609, 3.13393
44, 148, 12.3337, 3.04996
44, 152, 9.67321, 2.25376
44, 156, 8.05126, 1.65699
44, 160, 7.05289, 1.22126
44, 164, 6.38406, 0.900987
44, 168, 5.92299, 0.674915
44, 172, 5.60419, 0.514016
44, 176, 5.37089, 0.389631
44, 180, 5.18229, 0.286646
44, 184, 5.02015, 0.198449
44, 188, 4.88548, 0.125154
44, 192, 4.78656, 0.0703582
44, 196, 4.72666, 0.035227
48, 0, 4.75191, 0.0147747
48, 4, 4.77295, 0.0417816
48, 8, 4.84346, 0.0516662
48, 12, 4.96145, 0.0365588
48, 16, 5.12026, -0.0119876
48, 20, 5.30754, -0.0969035
48, 24, 5.51612, -0.204225
48, 28, 5.76331, -0.316149
48, 32, 6.10233, -0.429494
48, 36, 6.61423, -0.569633
48, 40, 7.35808, -0.790133
48, 44, 8.43722, -1.11206
48, 48, 10.1807, -1.54489
48, 52, 12.9228, -2.02363
48, 56, 11.924, -1.60067
48, 60, 0.655235, -0.0555997
48, 64, 0, 0
48, 68, 0, 0
48, 72, 0, 0
48, 76, 0, 0
48, 80, 0, 0
48, 84, 0, 0
48, 88, 0, 0
48, 92, 0, 0
48, 96, 0, 0
48, 100, 0, 0
48, 104, 0, 0
48, 108, 0, 0
48, 112, 0, 0
48, 116, 0, 0
48, 120, 0, 0
48, 124, 0, 0
48, 128, 0, 0
48, 132, 0, 0
48, 136, 0, 0
48, 140, 0.189507, 0.127426
48, 144, 10.8522, 1.93088
48, 148, 13.1078, 2.45306
48, 152, 10.4082, 1.84718
48, 156, 8.58199, 1.31647
48, 160, 7.45556, 0.93644
48, 164, 6.68728, 0.679374
48, 168, 6.15761, 0.517983
48, 172, 5.80768, 0.392177
48, 176, 5.55463, 0.270773
48, 180, 5.3418, 0.154445
48, 184, 5.14949, 0.0597743
48, 188, 4.98413, 0.00198074
48, 192, 4.85866, -0.018883
48, 196, 4.78052, -0.0114724
52, 0, 4.76485, 0.0147278
52, 4, 4.78961, 0.0937358
52, 8, 4.87646, 0.163298
52, 12, 5.02849, 0.215194
52, 16, 5.23865, 0.225714
52, 20, 5.48269, 0.163503
52, 24, 5.72892, 0.029025
52, 28, 5.977, -0.134524
52, 32, 6.29557, -0.273995
52, 36, 6.82045, -0.373436
52, 40, 7.65525, -0.49447
52, 44, 8.82798, -0.705799
52, 48, 10.634, -0.976763
52, 52, 13.1025, -1.175
52, 56, 10.6953, -0.667509
52, 60, 0.321595, -0.0165125
52, 64, 0, 0
52, 68, 0, 0
52, 72, 0, 0
52, 76, 0, 0
52, 80, 0, 0
52, 84, 0, 0
52, 88, 0, 0
52, 92, 0, 0
52, 96, 0, 0
52, 100, 0, 0
52, 104, 0, 0
52, 108, 0, 0
52, 112, 0, 0
52, 116, 0, 0
52, 120, 0, 0
52, 124, 0, 0
52, 128, 0, 0
52, 132, 0, 0
52, 136, 0, 0
52, 140, -0.0898712, 0.114622
52, 144, 9.84312, 1.08746
52, 148, 13.4021, 1.57566
52, 152, 10.9503, 1.25931
52, 156, 9.02688, 0.903314
52, 160, 7.79496, 0.637921
52, 164, 6.92185, 0.4813
52, 168, 6.36543, 0.366064
52, 172, 6.03045, 0.218946
52, 176, 5.77655, 0.0460326
52, 180, 5.52733, -0.102081
52, 184, 5.27762, -0.178975
52, 188, 5.05859, -0.179449
52, 192, 4.89637, -0.132527
52, 196, 4.79935, -0.0641106
56, 0, 4.75715, 0.0171496
56, 4, 4.78, 0.0790074
56, 8, 4.86475, 0.15227
56, 12, 5.02656, 0.249361
56, 16, 5.27805, 0.356448
56, 20, 5.6072, 0.415645
56, 24, 5.95518, 0.359105
56, 28, 6.25141, 0.177089
56, 32, 6.52641, -0.0409827
56, 36, 6.97676, -0.177522
56, 40, 7.83504, -0.227178
56, 44, 9.08842, -0.316494
56, 48, 10.8881, -0.447965
56, 52, 13.0433, -0.494139
56, 56, 9.84643, -0.0894277
56, 60, 0.49015, -0.00484107
56, 64, 0, 0
56, 68, 0, 0
56, 72, 0, 0
56, 76, 0, 0
56, 80, 0, 0
56, 84, 0, 0
56, 88, 0, 0
56, 92, 0, 0
56, 96, 0, 0
56, 100, 0, 0
56, 104, 0, 0
56, 108, 0, 0
56, 112, 0, 0
56, 116, 0, 0
56, 120, 0, 0
56, 124, 0, 0
56, 128, 0, 0
56, 132, 0, 0
56, 136, 0, 0
56, 140, -0.131791, 0.0100048
56, 144, 8.65653, 0.0944302
56, 148, 13.3433, 0.686198
56, 152, 11.2777, 0.634458
56, 156, 9.3435, 0.464508
56, 160, 8.02061, 0.338951
56, 164, 7.09813, 0.273242
56, 168, 6.6028, 0.138276
56, 172, 6.31453, -0.0841494
56, 176, 6.01997, -0.285538
56, 180, 5.66941, -0.365582
56, 184, 5.32857, -0.321591
56, 188, 5.062, -0.219578
56, 192, 4.88641, -0.121384
56, 196, 4.79012, -0.0456844
60, 0, 4.78156, 0.0203151
60, 4, 4.79792, 0.0160757
60, 8, 4.86085, 0.0287069
60, 12, 4.98792, 0.0864797
60, 16, 5.21008, 0.208898
60, 20, 5.56225, 0.377544
60, 24, 6.03452, 0.518603
60, 28, 6.50552, 0.508638
60, 32, 6.83584, 0.304149
60, 36, 7.16173, 0.0761962
60, 40, 7.90466, 0.00973722
60, 44, 9.19855, 0.013479
60, 48, 10.9719, -0.0346712
60, 52, 12.8989, -0.0363261
60, 56, 9.25738, 0.251126
60, 60, 0.82449, 0.138698
60, 64, 0, 0
60, 68, 0, 0
60, 72, 0, 0
60, 76, 0, 0
60, 80, 0, 0
60, 84, 0, 0
60, 88, 0, 0
60, 92, 0, 0
60, 96, 0, 0
60, 100, 0, 0
60, 104, 0, 0
60, 108, 0, 0
60, 112, 0, 0
60, 116, 0, 0
60, 120, 0, 0
60, 124, 0, 0
60, 128, 0, 0
60, 132, 0, 0
60, 136, 0, 0
60, 140, 0.134535, -0.0352109
60, 144, 7.90353, -0.32642
60, 148, 13.0806, 0.124331
60, 152, 11.3757, 0.168868
60, 156, 9.48517, 0.107085
60, 160, 8.11147, 0.0876908
60, 164, 7.27758, 0.0277156
60, 168, 6.91487, -0.195447
60, 172, 6.59472, -0.426843
60, 176, 6.12945, -0.474107
60, 180, 5.63961, -0.351303
60, 184, 5.26255, -0.183416
60, 188, 5.02042, -0.0556901
60, 192, 4.87951, 0.00752197
60, 196, 4.80645, 0.0235336
64, 0, 4.83721, 0.0205123
64, 4, 4.84909, -0.0163155
64, 8, 4.89433, -0.0462942
64, 12, 4.98103, -0.0478289
64, 16, 5.13244, 0.00779717
64, 20, 5.40359, 0.144291
64, 24, 5.87124, 0.370251
64, 28, 6.5223, 0.603844
64, 32, 7.10558, 0.630501
64, 36, 7.43272, 0.402611
64, 40, 7.95072, 0.234104
64, 44, 9.19432, 0.26477
64, 48, 10.9808, 0.277027
64, 52, 12.7653, 0.290435
64, 56, 8.91169, 0.460687
64, 60, 1.36135, 0.256473
64, 64, 0, 0
64, 68, 0, 0
64, 72, 0, 0
64, 76, 0, 0
64, 80, 0, 0
64, 84, 0, 0
64, 88, 0, 0
64, 92, 0, 0
64, 96, 0, 0
64, 100, 0, 0
64, 104, 0, 0
64, 108, 0, 0
64, 112, 0, 0
64, 116, 0, 0
64, 120, 0, 0
64, 124, 0, 0
64, 128, 0, 0
64, 132, 0, 0
64, 136, 0, 0
64, 140, 0.615212, -0.224113
64, 144, 7.50967, -0.509313
64, 148, 12.8248, -0.216507
64, 152, 11.3817, -0.164097
64, 156, 9.50624, -0.169562
64, 160, 8.1504, -0.14362
64, 164, 7.53334, -0.290095
64, 168, 7.21452, -0.542006
64, 172, 6.6585, -0.569189
64, 176, 5.98563, -0.358132
64, 180, 5.47738, -0.12555
64, 184, 5.17635, 0.0218591
64, 188, 5.00748, 0.0842807
64, 192, 4.90997, 0.0859904
64, 196, 4.85649, 0.0571537
68, 0, 4.88819, 0.0179157
68, 4, 4.89834, -0.00969528
68, 8, 4.93618, -0.0394583
68, 12, 5.00135, -0.0617563
68, 16, 5.10095, -0.0563826
68, 20, 5.27235, 0.00290922
68, 24, 5.61243, 0.16258
68, 28, 6.24874, 0.457528
68, 32, 7.09887, 0.748669
68, 36, 7.70537, 0.730845
68, 40, 8.08021, 0.494759
68, 44, 9.13822, 0.466695
68, 48, 10.9696, 0.537836
68, 52, 12.6656, 0.584113
68, 56, 8.78837, 0.660185
68, 60, 1.70143, 0.490327
68, 64, -0.0665661, 0.0359283
68, 68, 0, 0
68, 72, 0, 0
68, 76, 0, 0
68, 80, 0, 0
68, 84, 0, 0
68, 88, 0, 0
68, 92, 0, 0
68, 96, 0, 0
68, 100, 0, 0
68, 104, 0, 0
68, 108, 0, 0
68, 112, 0, 0
68, 116, 0, 0
68, 120, 0, 0
68, 124, 0, 0
68, 128, 0, 0
68, 132, 0, 0
68, 136, -0.0183752, -0.0754114
68, 140, 0.96387, -0.639861
68, 144, 7.27431, -0.684173
68, 148, 12.6303, -0.472921
68, 152, 11.3818, -0.420949
68, 156, 9.47019, -0.384893
68, 160, 8.24697, -0.395073
68, 164, 7.82002, -0.630169
68, 168, 7.2717, -0.714335
68, 172, 6.41334, -0.460267
68, 176, 5.71768, -0.153822
68, 180, 5.33263, 0.0234824
68, 184, 5.13801, 0.0911605
68, 188, 5.02587, 0.0988793
68, 192, 4.95182, 0.076399
68, 196, 4.90602, 0.0458714
72, 0, 4.92875, 0.0140953
72, 4, 4.93661, 0.00952412
72, 8, 4.96716, -0.00195144
72, 12, 5.01769, -0.0171159
72, 16, 5.0885, -0.0215468
72, 20, 5.19615, 0.00254545
72, 24, 5.40419, 0.0872065
72, 28, 5.87337, 0.302823
72, 32, 6.75964, 0.671063
72, 36, 7.75495, 0.934419
72, 40, 8.29195, 0.806931
72, 44, 9.08499, 0.676249
72, 48, 10.9071, 0.778055
72, 52, 12.5607, 0.869669
72, 56, 8.8089, 0.875257
72, 60, 1.7953, 0.643932
72, 64, 0.343335, 0.354444
72, 68, 0, 0
72, 72, 0, 0
72, 76, 0, 0
72, 80, 0, 0
72, 84, 0, 0
72, 88, 0, 0
72, 92, 0, 0
72, 96, 0, 0
72, 100, 0, 0
72, 104, 0, 0
72, 108, 0, 0
72, 112, 0, 0
72, 116, 0, 0
72, 120, 0, 0
72, 124, 0, 0
72, 128, 0, 0
72, 132, 0, 0
72, 136, 0.416425, -0.271073
72, 140, 1.14739, -0.355394
72, 144, 7.13491, -0.702894
72, 148, 12.5013, -0.671909
72, 152, 11.3671, -0.652724
72, 156, 9.41748, -0.596688
72, 160, 8.43392, -0.702709
72, 164, 7.93872, -0.884406
72, 168, 6.98374, -0.684817
72, 172, 6.02825, -0.31059
72, 176, 5.48902, -0.0695893
72, 180, 5.24678, 0.0273573
72, 184, 5.12347, 0.0539798
72, 188, 5.04276, 0.0488499
72, 192, 4.98368, 0.031933
72, 196, 4.9448, 0.0190796
76, 0, 4.97138, 0.0100038
76, 4, 4.97449, 0.0245329
76, 8, 4.99166, 0.0300604
76, 12, 5.02282, 0.0288559
76, 16, 5.07043, 0.0353017
76, 20, 5.14095, 0.0607912
76, 24, 5.25997, 0.115501
76, 28, 5.54761, 0.251596
76, 32, 6.27443, 0.564024
76, 36, 7.47662, 0.980823
76, 40, 8.45438, 1.11191
76, 44, 9.11574, 0.945468
76, 48, 10.7763, 1.00446
76, 52, 12.4562, 1.10908
76, 56, 8.99937, 0.951438
76, 60, 2.45256, 0.123515
76, 64, 0.216145, -0.729471
76, 68, -0.261554, -0.250518
76, 72, 0, 0
76, 76, 0, 0
76, 80, 0, 0
76, 84, 0, 0
76, 88, 0, 0
76, 92, 0, 0
76, 96, 0, 0
76, 100, 0, 0
76, 104, 0, 0
76, 108, 0, 0
76, 112, 0, 0
76, 116, 0, 0
76, 120, 0, 0
76, 124, 0, 0
76, 128, 0, 0
76, 132, -0.484979, 0.529291
76, 136, -0.136694, 1.44978
76, 140, 1.99877, 0.677794
76, 144, 7.40965, -0.500064
76, 148, 12.5201, -0.86212
76, 152, 11.3235, -0.907909
76, 156, 9.41885, -0.870659
76, 160, 8.62743, -1.04189
76, 164, 7.74143, -0.99404
76, 168, 6.503, -0.595032
76, 172, 5.67629, -0.253199
76, 176, 5.33025, -0.0965389
76, 180, 5.18774, -0.0363137
76, 184, 5.10489, -0.0104484
76, 188, 5.04795, -0.00516761
76, 192, 5.00823, -0.008348
76, 196, 4.98271, -0.00418583
80, 0, 4.99421, 0.00599688
80, 4, 4.99265, 0.0298363
80, 8, 4.99731, 0.0458568
80, 12, 5.01215, 0.0579045
80, 16, 5.04132, 0.0803412
80, 20, 5.08578, 0.117784
80, 24, 5.15075, 0.168808
80, 28, 5.30679, 0.267411
80, 32, 5.82722, 0.515236
80, 36, 7.00722, 0.957148
80, 40, 8.41293, 1.3274
80, 44, 9.25296, 1.27746
80, 48, 10.6105, 1.24131
80, 52, 12.3792, 1.33719
80, 56, 9.52899, 0.97689
80, 60, 3.82168, -0.291616
80, 64, 0.774134, -1.63817
80, 68, -1.14961, -2.2228
80, 72, -1.0415, -1.07633
80, 76, 0, 0
80, 80, 0, 0
80, 84, 0, 0
80, 88, 0, 0
80, 92, 0, 0
80, 96, 0, 0
80, 100, 0, 0
80, 104, 0, 0
80, 108, 0, 0
80, 112, 0, 0
80, 116, 0, 0
80, 120, 0, 0
80, 124, 0, 0
80, 128, -1.37833, 1.41602
80, 132, -1.65901, 2.69405
80, 136, 0.311867, 2.09361
80, 140, 3.35465, 0.898188
80, 144, 8.30433, -0.526064
80, 148, 12.6736, -1.22258
80, 152, 11.2182, -1.2441
80, 156, 9.51822, -1.24194
80, 160, 8.6645, -1.33598
80, 164, 7.3052, -1.0129
80, 168, 6.02879, -0.54855
80, 172, 5.41208, -0.269645
80, 176, 5.21435, -0.158285
80, 180, 5.13171, -0.103996
80, 184, 5.07547, -0.0651862
80, 188, 5.03665, -0.0430052
80, 192, 5.01319, -0.0324869
80, 196, 5.00047, -0.0175789
84, 0, 4.97, 0.00231281
84, 4, 4.96702, 0.0287704
84, 8, 4.9675, 0.0514933
84, 12, 4.97605, 0.074694
84, 16, 4.99398, 0.109089
84, 20, 5.01885, 0.154743
84, 24, 5.05096, 0.208749
84, 28, 5.12443, 0.295417
84, 32, 5.45417, 0.499624
84, 36, 6.48109, 0.921019
84, 40, 8.10933, 1.42405
84, 44, 9.37443, 1.60695
84, 48, 10.4938, 1.54344
84, 52, 12.3181, 1.67954
84, 56, 10.3685, 1.29389
84, 60, 5.18968, 0.0205477
84, 64, 1.79135, -1.10722
84, 68, -0.610362, -2.0897
84, 72, -2.10089, -2.96429
84, 76, -1.78179, -2.41226
84, 80, 0, 0
84, 84, 0, 0
84, 88, 0, 0
84, 92, 0, 0
84, 96, 0, 0
84, 100, 0, 0
84, 104, 0, 0
84, 108, 0, 0
84, 112, 0, 0
84, 116, 0, 0
84, 120, 0, 0
84, 124, -1.99392, 2.60558
84, 128, -2.46553, 3.04755
84, 132, -1.10208, 2.16944
84, 136, 1.19404, 1.36418
84, 140, 4.62425, 0.275706
84, 144, 9.56494, -1.1751
84, 148, 12.7963, -1.88301
84, 152, 11.036, -1.69436
84, 156, 9.62764, -1.67235
84, 160, 8.41229, -1.51941
84, 164, 6.7595, -1.0007
84, 168, 5.61977, -0.537849
84, 172, 5.21311, -0.306981
84, 176, 5.11112, -0.211458
84, 180, 5.06403, -0.153423
84, 184, 5.02726, -0.104523
84, 188, 4.99924, -0.0689693
84, 192, 4.98204, -0.0463001
84, 196, 4.974, -0.0240647
88, 0, 4.90458, -0.000885179
88, 4, 4.90266, 0.0272844
88, 8, 4.90443, 0.0555284
88, 12, 4.91207, 0.0864531
88, 16, 4.9249, 0.126498
88, 20, 4.93937, 0.174277
88, 24, 4.95171, 0.227436
88, 28, 4.9695, 0.301354
88, 32, 5.12807, 0.458699
88, 36, 5.92228, 0.837338
88, 40, 7.57758, 1.40936
88, 44, 9.26474, 1.85017
88, 48, 10.4223, 1.95092
88, 52, 12.1487, 2.21616
88, 56, 11.3157, 2.08246
88, 60, 6.53448, 0.795355
88, 64, 2.62629, -0.395818
88, 68, 0.0567777, -0.90139
88, 72, -1.27637, -1.56155
88, 76, -2.05119, -2.62794
88, 80, -1.90153, -3.00431
88, 84, -0.946508, -1.78403
88, 88, 0, 0
88, 92, 0, 0
88, 96, 0, 0
88, 100, 0, 0
88, 104, 0, 0
88, 108, 0, 0
88, 112, 0, 0
88, 116, -0.932521, 1.73616
88, 120, -1.92302, 2.91482
88, 124, -2.18593, 2.48262
88, 128, -1.65073, 1.43765
88, 132, -0.659689, 1.00055
88, 136, 2.02917, 0.497061
88, 140, 6.0984, -0.87885
88, 144, 10.948, -2.47956
88, 148, 12.6059, -2.75257
88, 152, 10.7794, -2.24847
88, 156, 9.50684, -2.04702
88, 160, 7.85734, -1.56703
88, 164, 6.1499, -0.934564
88, 168, 5.25673, -0.506868
88, 172, 5.04503, -0.326469
88, 176, 5.00753, -0.244126
88, 180, 4.98193, -0.185529
88, 184, 4.95588, -0.132847
88, 188, 4.93312, -0.0899913
88, 192, 4.91728, -0.0581008
88, 196, 4.90872, -0.0293127
92, 0, 4.82576, -0.00370715
92, 4, 4.82548, 0.0278893
92, 8, 4.82955, 0.0606571
92, 12, 4.83758, 0.0965891
92, 16, 4.84856, 0.139185
92, 20, 4.8572, 0.183391
92, 24, 4.85494, 0.225346
92, 28, 4.83563, 0.273153
92, 32, 4.86052, 0.363276
92, 36, 5.36313, 0.648194
92, 40, 6.87131, 1.24252
92, 44, 8.78405, 1.91162
92, 48, 10.1896, 2.36475
92, 52, 11.6517, 2.86554
92, 56, 11.9388, 3.30936
92, 60, 8.01608, 2.30665
92, 64, 3.59532, 0.985611
92, 68, 0.106179, 0.364826
92, 72, -0.776758, 0.38096
92, 76, -1.13877, -0.316994
92, 80, -1.54129, -1.33131
92, 84, -1.49565, -1.92777
92, 88, -1.11857, -1.85047
92, 92, -0.675052, -1.54446
92, 96, -0.41601, -0.717248
92, 100, -0.346908, -0.0234138
92, 104, -0.408052, 0.670311
92, 108, -0.65732, 1.48164
92, 112, -1.07964, 1.77762
92, 116, -1.44227, 1.82476
92, 120, -1.50066, 1.16477
92, 124, -1.2546, 0.123143
92, 128, -1.28428, -0.509408
92, 132, -0.534911, -0.643202
92, 136, 3.18503, -1.52774
92, 140, 7.77981, -3.01554
92, 144, 11.8138, -4.17261
92, 148, 11.842, -3.54001
92, 152, 10.3491, -2.76676
92, 156, 8.95851, -2.19361
92, 160, 7.07425, -1.42981
92, 164, 5.52605, -0.756631
92, 168, 4.95421, -0.422551
92, 172, 4.89786, -0.311829
92, 176, 4.90344, -0.254683
92, 180, 4.89467, -0.206169
92, 184, 4.87596, -0.155779
92, 188, 4.85623, -0.108678
92, 192, 4.84102, -0.0701768
92, 196, 4.83096, -0.0358671
96, 0, 4.74624, -0.00629623
96, 4, 4.74875, 0.0320922
96, 8, 4.75805, 0.0687347
96, 12, 4.76913, 0.106682
96, 16, 4.77788, 0.147799
96, 20, 4.77894, 0.183122
96, 24, 4.76621, 0.207733
96, 28, 4.7321, 0.223881
96, 32, 4.68887, 0.238711
96, 36, 4.90123, 0.362773
96, 40, 6.0603, 0.867942
96, 44, 7.95369, 1.6932
96, 48, 9.56463, 2.5302
96, 52, 10.7813, 3.36586
96, 56, 11.6031, 4.46028
96, 60, 9.15798, 4.51975
96, 64, 4.62882, 3.58059
96, 68, 0.456479, 2.69278
96, 72, -0.713813, 2.18722
96, 76, -0.367369, 1.67692
96, 80, -0.730798, 0.772951
96, 84, -1.07238, -0.0261125
96, 88, -1.1464, -0.461448
96, 92, -1.06919, -0.544986
96, 96, -0.96814, -0.348737
96, 100, -0.933496, -0.0238887
96, 104, -0.956513, 0.301795
96, 108, -1.04195, 0.497128
96, 112, -1.08713, 0.401073
96, 116, -0.964987, -0.0725233
96, 120, -0.651105, -0.901018
96, 124, -0.507103, -1.79295
96, 128, -1.04154, -2.45842
96, 132, 0.197746, -3.35374
96, 136, 4.42341, -4.56657
96, 140, 8.9773, -5.58658
96, 144, 11.3062, -5.30623
96, 148, 10.6714, -3.95455
96, 152, 9.56034, -2.93622
96, 156, 8.01765, -1.97488
96, 160, 6.17298, -1.05051
96, 164, 5.00072, -0.472421
96, 168, 4.75266, -0.307027
96, 172, 4.78034, -0.273507
96, 176, 4.80556, -0.246971
96, 180, 4.81041, -0.215091
96, 184, 4.80173, -0.172898
96, 188, 4.7858, -0.126105
96, 192, 4.76845, -0.0843674
96, 196, 4.75373, -0.0454542
100, 0, 4.66922, -0.00856508
100, 4, 4.67393, 0.0412811
100, 8, 4.68881, 0.0829601
100, 12, 4.70511, 0.118606
100, 16, 4.71347, 0.151511
100, 20, 4.70934, 0.175045
100, 24, 4.69285, 0.184781
100, 28, 4.66317, 0.177941
100, 32, 4.62029, 0.141334
100, 36, 4.6605, 0.10187
100, 40, 5.31239, 0.340401
100, 44, 6.89949, 1.14621
100, 48, 8.52124, 2.2323
100, 52, 9.61902, 3.38556
100, 56, 10.2737, 4.77253
100, 60, 9.1417, 5.97792
100, 64, 5.38295, 5.95373
100, 68, 1.4046, 5.03683
100, 72, -0.0311218, 3.83893
100, 76, 0.274125, 2.93111
100, 80, 0.0565027, 2.17083
100, 84, -0.430747, 1.40875
100, 88, -0.769113, 0.793656
100, 92, -0.947147, 0.377948
100, 96, -1.02027, 0.13154
100, 100, -1.03205, -0.0190473
100, 104, -1.00843, -0.16916
100, 108, -0.914397, -0.417194
100, 112, -0.688529, -0.842454
100, 116, -0.301366, -1.46335
100, 120, 0.119658, -2.20511
100, 124, 0.208873, -2.99063
100, 128, -0.0746448, -4.05462
100, 132, 1.50292, -5.48396
100, 136, 5.34301, -6.59029
100, 140, 8.75862, -6.53452
100, 144, 9.78895, -5.21719
100, 148, 9.35563, -3.77097
100, 152, 8.39422, -2.52771
100, 156, 6.86731, -1.3605
100, 160, 5.35304, -0.492884
100, 164, 4.71086, -0.205483
100, 168, 4.66039, -0.215086
100, 172, 4.69755, -0.234454
100, 176, 4.72268, -0.230314
100, 180, 4.73464, -0.213175
100, 184, 4.73372, -0.18307
100, 188, 4.7197, -0.144327
100, 192, 4.69786, -0.104133
100, 196, 4.67816, -0.0594519
104, 0, 4.59315, -0.0104404
104, 4, 4.59675, 0.0517417
104, 8, 4.61093, 0.101391
104, 12, 4.62954, 0.133963
104, 16, 4.64053, 0.154428
104, 20, 4.6379, 0.164843
104, 24, 4.62527, 0.165554
104, 28, 4.61055, 0.152982
104, 32, 4.60267, 0.108059
104, 36, 4.63089, 0.00667982
104, 40, 4.89543, -0.0509108
104, 44, 5.84739, 0.373394
104, 48, 7.23429, 1.42928
104, 52, 8.26022, 2.71111
104, 56, 8.69819, 4.09617
104, 60, 8.06343, 5.50451
104, 64, 5.58952, 6.20045
104, 68, 2.5334, 5.70638
104, 72, 1.17514, 4.4742
104, 76, 1.00558, 3.45665
104, 80, 0.709126, 2.75812
104, 84, 0.230038, 2.10709
104, 88, -0.196751, 1.48279
104, 92, -0.497463, 0.922614
104, 96, -0.668194, 0.431459
104, 100, -0.71468, -0.0128326
104, 104, -0.655408, -0.456742
104, 108, -0.460876, -0.9478
104, 112, -0.116108, -1.50323
104, 116, 0.337226, -2.1039
104, 120, 0.762212, -2.72892
104, 124, 1.00938, -3.44667
104, 128, 1.2436, -4.499
104, 132, 2.69552, -5.69963
104, 136, 5.55678, -6.12558
104, 140, 7.66683, -5.47179
104, 144, 8.26429, -4.19454
104, 148, 7.96446, -2.86382
104, 152, 7.0529, -1.57461
104, 156, 5.77539, -0.511768
104, 160, 4.89659, -0.0729792
104, 164, 4.64895, -0.102883
104, 168, 4.62346, -0.18267
104, 172, 4.63152, -0.212138
104, 176, 4.645, -0.21412
104, 180, 4.65562, -0.206404
104, 184, 4.65554, -0.190312
104, 188, 4.64096, -0.164625
104, 192, 4.61831, -0.127264
104, 196, 4.60028, -0.0739752
108, 0, 4.49526, -0.0121084
108, 4, 4.4969, 0.0587555
108, 8, 4.50642, 0.117552
108, 12, 4.52244, 0.150995
108, 16, 4.53685, 0.161748
108, 20, 4.54316, 0.161141
108, 24, 4.54415, 0.158579
108, 28, 4.55034, 0.15461
108, 32, 4.57729, 0.133603
108, 36, 4.64956, 0.0702376
108, 40, 4.82529, -0.0348177
108, 44, 5.25821, -0.0272802
108, 48, 6.0639, 0.457666
108, 52, 6.90487, 1.48438
108, 56, 7.29249, 2.73257
108, 60, 6.84798, 3.98899
108, 64, 5.25175, 4.88952
108, 68, 3.29533, 4.86517
108, 72, 2.18935, 4.11955
108, 76, 1.67091, 3.39041
108, 80, 1.25512, 2.80144
108, 84, 0.815207, 2.24744
108, 88, 0.40678, 1.68626
108, 92, 0.0851997, 1.11873
108, 96, -0.114618, 0.552909
108, 100, -0.174463, -0.00571997
108, 104, -0.101632, -0.563294
108, 108, 0.118706, -1.12501
108, 112, 0.468872, -1.67857
108, 116, 0.888639, -2.21103
108, 120, 1.2998, -2.74126
108, 124, 1.69211, -3.32884
108, 128, 2.23332, -4.04034
108, 132, 3.34434, -4.70961
108, 136, 5.17477, -4.64312
108, 140, 6.58661, -3.7716
108, 144, 6.98349, -2.64125
108, 148, 6.65803, -1.49244
108, 152, 5.91377, -0.53816
108, 156, 5.19465, -0.0874977
108, 160, 4.80392, -0.0705946
108, 164, 4.64527, -0.156672
108, 168, 4.58165, -0.204257
108, 172, 4.55875, -0.212903
108, 176, 4.55383, -0.207816
108, 180, 4.55274, -0.204029
108, 184, 4.54575, -0.199668
108, 188, 4.53007, -0.184437
108, 192, 4.51212, -0.146594
108, 196, 4.5, -0.0842899
112, 0, 4.36483, -0.0135036
112, 4, 4.36665, 0.0634888
112, 8, 4.37391, 0.129201
112, 12, 4.38683, 0.167472
112, 16, 4.40481, 0.177029
112, 20, 4.42438, 0.172252
112, 24, 4.44457, 0.170826
112, 28, 4.472, 0.180579
112, 32, 4.52089, 0.192658
112, 36, 4.61308, 0.191957
112, 40, 4.78002, 0.18065
112, 44, 5.05996, 0.211779
112, 48, 5.46583, 0.414511
112, 52, 5.89777, 0.944508
112, 56, 6.08707, 1.8283
112, 60, 5.71253, 2.86219
112, 64, 4.73008, 3.60658
112, 68, 3.59927, 3.74143
112, 72, 2.73435, 3.44885
112, 76, 2.14777, 3.01778
112, 80, 1.70049, 2.56437
112, 84, 1.30643, 2.09877
112, 88, 0.954288, 1.61315
112, 92, 0.668199, 1.09867
112, 96, 0.483832, 0.556452
112, 100, 0.426279, 0.00111672
112, 104, 0.495064, -0.552616
112, 108, 0.693629, -1.08862
112, 112, 0.994824, -1.58838
112, 116, 1.35054, -2.05118
112, 120, 1.73016, -2.49666
112, 124, 2.16093, -2.93921
112, 128, 2.73943, -3.35241
112, 132, 3.57931, -3.60864
112, 136, 4.63603, -3.45332
112, 140, 5.53191, -2.75524
112, 144, 5.88439, -1.80767
112, 148, 5.7341, -0.997428
112, 152, 5.35765, -0.503903
112, 156, 4.99522, -0.305354
112, 160, 4.74305, -0.265108
112, 164, 4.59353, -0.26529
112, 168, 4.51215, -0.255951
112, 172, 4.46946, -0.235387
112, 176, 4.44523, -0.218784
112, 180, 4.4266, -0.214764
112, 184, 4.40787, -0.215085
112, 188, 4.39025, -0.201606
112, 192, 4.37705, -0.159689
112, 196, 4.36861, -0.091369
116, 0, 4.23145, -0.0140748
116, 4, 4.23302, 0.0676953
116, 8, 4.23787, 0.137753
116, 12, 4.24744, 0.182377
116, 16, 4.26605, 0.19961
116, 20, 4.29564, 0.199862
116, 24, 4.3332, 0.202948
116, 28, 4.37813, 0.22454
116, 32, 4.4376, 0.263361
116, 36, 4.52523, 0.31053
116, 40, 4.65675, 0.370628
116, 44, 4.84036, 0.479459
116, 48, 5.05565, 0.703082
116, 52, 5.22789, 1.10352
116, 56, 5.2248, 1.67457
116, 60, 4.92157, 2.28832
116, 64, 4.32772, 2.74086
116, 68, 3.61802, 2.90784
116, 72, 2.97303, 2.81868
116, 76, 2.45635, 2.56996
116, 80, 2.04688, 2.23482
116, 84, 1.70735, 1.85046
116, 88, 1.41813, 1.43385
116, 92, 1.18555, 0.984937
116, 96, 1.03402, 0.504059
116, 100, 0.985283, 0.00656386
116, 104, 1.04224, -0.489333
116, 108, 1.20232, -0.96421
116, 112, 1.44195, -1.40123
116, 116, 1.73081, -1.80211
116, 120, 2.06107, -2.17179
116, 124, 2.4569, -2.4964
116, 128, 2.95764, -2.73454
116, 132, 3.5769, -2.81267
116, 136, 4.24661, -2.64849
116, 140, 4.80164, -2.22753
116, 144, 5.09159, -1.66392
116, 148, 5.1098, -1.13626
116, 152, 4.96524, -0.760199
116, 156, 4.77664, -0.544842
116, 160, 4.61376, -0.435182
116, 164, 4.49695, -0.370666
116, 168, 4.41937, -0.318302
116, 172, 4.3665, -0.274426
116, 176, 4.32588, -0.248042
116, 180, 4.29132, -0.240533
116, 184, 4.26389, -0.236467
116, 188, 4.24672, -0.215921
116, 192, 4.23784, -0.168378
116, 196, 4.23313, -0.0964144
120, 0, 4.12138, -0.0137653
120, 4, 4.12102, 0.0688862
120, 8, 4.12084, 0.141866
120, 12, 4.12527, 0.193471
120, 16, 4.14031, 0.223751
120, 20, 4.17187, 0.238235
120, 24, 4.2189, 0.250803
120, 28, 4.27466, 0.28018
120, 32, 4.33638, 0.332816
120, 36, 4.40833, 0.404387
120, 40, 4.49608, 0.496628
120, 44, 4.59774, 0.630108
120, 48, 4.69327, 0.838286
120, 52, 4.73642, 1.14299
120, 56, 4.66312, 1.52236
120, 60, 4.42419, 1.9005
120, 64, 4.02819, 2.18676
120, 68, 3.54827, 2.32556
120, 72, 3.07201, 2.30801
120, 76, 2.65334, 2.15923
120, 80, 2.30709, 1.91293
120, 84, 2.02498, 1.59838
120, 88, 1.79436, 1.24077
120, 92, 1.61361, 0.851339
120, 96, 1.49579, 0.4362
120, 100, 1.4568, 0.0102153
120, 104, 1.50094, -0.41443
120, 108, 1.62345, -0.824675
120, 112, 1.80697, -1.20559
120, 116, 2.03551, -1.55304
120, 120, 2.30999, -1.85818
120, 124, 2.6446, -2.09757
120, 128, 3.04832, -2.24133
120, 132, 3.50501, -2.25703
120, 136, 3.96169, -2.12576
120, 140, 4.33789, -1.86057
120, 144, 4.56906, -1.51161
120, 148, 4.64829, -1.1595
120, 152, 4.61943, -0.873889
120, 156, 4.54014, -0.675982
120, 160, 4.45268, -0.546174
120, 164, 4.3759, -0.453708
120, 168, 4.31216, -0.380115
120, 172, 4.25665, -0.324685
120, 176, 4.20576, -0.291898
120, 180, 4.16268, -0.275789
120, 184, 4.13422, -0.258335
120, 188, 4.12137, -0.225592
120, 192, 4.11841, -0.17168
120, 196, 4.11979, -0.0969899
124, 0, 4.03021, -0.0129791
124, 4, 4.02922, 0.0668058
124, 8, 4.02682, 0.141408
124, 12, 4.02841, 0.20022
124, 16, 4.03919, 0.243882
124, 20, 4.0645, 0.2765
124, 24, 4.10671, 0.30319
124, 28, 4.15942, 0.338186
124, 32, 4.21434, 0.393652
124, 36, 4.26872, 0.470734
124, 40, 4.3222, 0.568926
124, 44, 4.37003, 0.699096
124, 48, 4.39798, 0.877801
124, 52, 4.37984, 1.11009
124, 56, 4.2846, 1.37443
124, 60, 4.09275, 1.62202
124, 64, 3.80958, 1.80773
124, 68, 3.46693, 1.90806
124, 72, 3.10995, 1.91067
124, 76, 2.7782, 1.81634
124, 80, 2.49503, 1.63465
124, 84, 2.26605, 1.37896
124, 88, 2.08511, 1.07155
124, 92, 1.94751, 0.731499
124, 96, 1.85896, 0.373437
124, 100, 1.82923, 0.0122936
124, 104, 1.8617, -0.347714
124, 108, 1.95248, -0.702045
124, 112, 2.09052, -1.03651
124, 116, 2.26869, -1.33782
124, 120, 2.49126, -1.58815
124, 124, 2.76479, -1.76636
124, 128, 3.0845, -1.85898
124, 132, 3.42753, -1.85752
124, 136, 3.75568, -1.76447
124, 140, 4.02711, -1.59349
124, 144, 4.2136, -1.36476
124, 148, 4.31095, -1.11875
124, 152, 4.33677, -0.901015
124, 156, 4.31894, -0.732243
124, 160, 4.28105, -0.607682
124, 164, 4.23609, -0.511573
124, 168, 4.18866, -0.434314
124, 172, 4.13949, -0.377328
124, 176, 4.09162, -0.339832
124, 180, 4.05333, -0.310476
124, 184, 4.03106, -0.27576
124, 188, 4.02274, -0.230311
124, 192, 4.02325, -0.169582
124, 196, 4.02751, -0.0933603
128, 0, 3.94381, -0.0122916
128, 4, 3.94418, 0.065461
128, 8, 3.94467, 0.140996
128, 12, 3.94788, 0.205657
128, 16, 3.95717, 0.258714
128, 20, 3.97456, 0.304769
128, 24, 4.00258, 0.34507
128, 28, 4.04, 0.386318
128, 32, 4.08002, 0.440873
128, 36, 4.11641, 0.514323
128, 40, 4.1458, 0.606194
128, 44, 4.16336, 0.72196
128, 48, 4.15874, 0.869996
128, 52, 4.11663, 1.04888
128, 56, 4.02142, 1.24053
128, 60, 3.86477, 1.4105
128, 64, 3.64998, 1.53192
128, 68, 3.39254, 1.59776
128, 72, 3.11867, 1.60211
128, 76, 2.85683, 1.53907
128, 80, 2.62821, 1.40483
128, 84, 2.44239, 1.19803
128, 88, 2.29749, 0.93338
128, 92, 2.19045, 0.634885
128, 96, 2.12432, 0.323548
128, 100, 2.10249, 0.0132603
128, 104, 2.1254, -0.295978
128, 108, 2.19221, -0.604614
128, 112, 2.29844, -0.899781
128, 116, 2.4404, -1.16108
128, 120, 2.62096, -1.36537
128, 124, 2.84213, -1.49856
128, 128, 3.0949, -1.56167
128, 132, 3.35884, -1.55942
128, 136, 3.60645, -1.49999
128, 140, 3.81326, -1.38954
128, 144, 3.9657, -1.23269
128, 148, 4.0613, -1.05379
128, 152, 4.10767, -0.885875
128, 156, 4.11881, -0.746524
128, 160, 4.10852, -0.63671
128, 164, 4.08618, -0.54796
128, 168, 4.05618, -0.475433
128, 172, 4.02169, -0.420309
128, 176, 3.9888, -0.377529
128, 180, 3.96426, -0.33552
128, 184, 3.94965, -0.287958
128, 188, 3.9429, -0.23336
128, 192, 3.94197, -0.167112
128, 196, 3.94314, -0.0904199
132, 0, 3.85808, -0.0120324
132, 4, 3.86094, 0.0680327
132, 8, 3.86642, 0.144411
132, 12, 3.87231, 0.212179
132, 16, 3.881, 0.270666
132, 20, 3.89383, 0.322995
132, 24, 3.91095, 0.371144
132, 28, 3.93312, 0.418096
132, 32, 3.95744, 0.471612
132, 36, 3.9776, 0.538701
132, 40, 3.98933, 0.621145
132, 44, 3.98898, 0.721238
132, 48, 3.96918, 0.842453
132, 52, 3.92018, 0.981814
132, 56, 3.83317, 1.12415
132, 60, 3.70338, 1.24283
132, 64, 3.53331, 1.32038
132, 68, 3.33309, 1.35941
132, 72, 3.12012, 1.36118
132, 76, 2.91386, 1.31743
132, 80, 2.72924, 1.21669
132, 84, 2.57484, 1.04772
132, 88, 2.45227, 0.818684
132, 92, 2.36279, 0.557244
132, 96, 2.30988, 0.285407
132, 100, 2.29294, 0.0135178
132, 104, 2.3098, -0.257404
132, 108, 2.36222, -0.52739
132, 112, 2.45014, -0.787131
132, 116, 2.56971, -1.01462
132, 120, 2.71961, -1.18295
132, 124, 2.89849, -1.28413
132, 128, 3.09816, -1.32887
132, 132, 3.30402, -1.32957
132, 136, 3.49726, -1.29622
132, 140, 3.66171, -1.22727
132, 144, 3.78845, -1.11811
132, 148, 3.87541, -0.984892
132, 152, 3.92696, -0.853839
132, 156, 3.95106, -0.739912
132, 160, 3.95666, -0.645295
132, 164, 3.95058, -0.566072
132, 168, 3.93602, -0.500412
132, 172, 3.91683, -0.44716
132, 176, 3.89894, -0.399724
132, 180, 3.88519, -0.350746
132, 184, 3.87511, -0.29731
132, 188, 3.86882, -0.237512
132, 192, 3.86484, -0.168736
132, 196, 3.86048, -0.0920499
136, 0, 3.79232, -0.0117267
136, 4, 3.79644, 0.0743973
136, 8, 3.80325, 0.150816
136, 12, 3.80831, 0.21825
136, 16, 3.81371, 0.279707
136, 20, 3.82212, 0.33547
136, 24, 3.83349, 0.386928
136, 28, 3.84768, 0.437365
136, 32, 3.86368, 0.490163
136, 36, 3.87606, 0.550171
136, 40, 3.87844, 0.621723
136, 44, 3.86703, 0.706866
136, 48, 3.83818, 0.80623
136, 52, 3.78656, 0.91612
136, 56, 3.70674, 1.02303
136, 60, 3.59613, 1.1054
136, 64, 3.45754, 1.15259
136, 68, 3.29901, 1.17323
136, 72, 3.13224, 1.1726
136, 76, 2.96892, 1.14027
136, 80, 2.81785, 1.06082
136, 84, 2.68585, 0.918525
136, 88, 2.57723, 0.718248
136, 92, 2.49649, 0.490019
136, 96, 2.44827, 0.25327
136, 100, 2.43249, 0.013262
136, 104, 2.44715, -0.226034
136, 108, 2.49366, -0.461647
136, 112, 2.57204, -0.68917
136, 116, 2.67753, -0.88908
136, 120, 2.80554, -1.03181
136, 124, 2.95201, -1.11243
136, 128, 3.11036, -1.14623
136, 132, 3.27196, -1.14947
136, 136, 3.42565, -1.13383
136, 140, 3.56059, -1.09341
136, 144, 3.66948, -1.01809
136, 148, 3.74963, -0.917939
136, 152, 3.80325, -0.81457
136, 156, 3.83524, -0.721384
136, 160, 3.85044, -0.641124
136, 164, 3.85219, -0.572553
136, 168, 3.84408, -0.514082
136, 172, 3.83226, -0.462
136, 176, 3.82182, -0.41183
136, 180, 3.81358, -0.360295
136, 184, 3.8077, -0.303923
136, 188, 3.80436, -0.241578
136, 192, 3.80093, -0.173716
136, 196, 3.79536, -0.09757
140, 0, 3.77078, -0.0109288
140, 4, 3.77263, 0.0791235
140, 8, 3.77348, 0.153896
140, 12, 3.77174, 0.219743
140, 16, 3.77015, 0.283097
140, 20, 3.77158, 0.342489
140, 24, 3.77762, 0.397496
140, 28, 3.78804, 0.451146
140, 32, 3.80144, 0.504599
140, 36, 3.8131, 0.557838
140, 40, 3.81409, 0.615632
140, 44, 3.79804, 0.684083
140, 48, 3.76334, 0.764339
140, 52, 3.70863, 0.851184
140, 56, 3.63248, 0.932368
140, 60, 3.5358, 0.989943
140, 64, 3.42163, 1.01719
140, 68, 3.29501, 1.02615
140, 72, 3.16248, 1.02331
140, 76, 3.02998, 0.996361
140, 80, 2.90267, 0.92874
140, 84, 2.78657, 0.804232
140, 88, 2.68757, 0.626496
140, 92, 2.61078, 0.426142
140, 96, 2.56143, 0.220918
140, 100, 2.54393, 0.0125537
140, 104, 2.55945, -0.19556
140, 108, 2.60613, -0.400308
140, 112, 2.67989, -0.600351
140, 116, 2.77564, -0.778281
140, 120, 2.88813, -0.903758
140, 124, 3.01154, -0.972878
140, 128, 3.13999, -1.00151
140, 132, 3.26857, -1.00676
140, 136, 3.39196, -1.00192
140, 140, 3.50417, -0.979904
140, 144, 3.60033, -0.927615
140, 148, 3.67733, -0.851614
140, 152, 3.73394, -0.770199
140, 156, 3.77108, -0.695556
140, 160, 3.78977, -0.631686
140, 164, 3.79164, -0.576658
140, 168, 3.78297, -0.524886
140, 172, 3.77257, -0.472288
140, 176, 3.76497, -0.419312
140, 180, 3.76145, -0.364717
140, 184, 3.76232, -0.305091
140, 188, 3.76602, -0.24119
140, 192, 3.76965, -0.175221
140, 196, 3.77064, -0.100774
144, 0, 3.78582, -0.00979934
144, 4, 3.78499, 0.0784359
144, 8, 3.77993, 0.14962
144, 12, 3.77151, 0.21368
144, 16, 3.76257, 0.278603
144, 20, 3.75639, 0.342373
144, 24, 3.75594, 0.403245
144, 28, 3.7614, 0.461356
144, 32, 3.77028, 0.516836
144, 36, 3.7793, 0.565628
144, 40, 3.78082, 0.609197
144, 44, 3.76543, 0.658068
144, 48, 3.72864, 0.718005
144, 52, 3.67118, 0.784982
144, 56, 3.59676, 0.848492
144, 60, 3.51047, 0.891832
144, 64, 3.41614, 0.907984
144, 68, 3.31552, 0.909389
144, 72, 3.20906, 0.90243
144, 76, 3.09758, 0.875004
144, 80, 2.98501, 0.812441
144, 84, 2.8786, 0.700163
144, 88, 2.78605, 0.540516
144, 92, 2.71222, 0.362667
144, 96, 2.66234, 0.186015
144, 100, 2.64383, 0.0115292
144, 104, 2.66, -0.163153
144, 108, 2.70705, -0.339889
144, 112, 2.77778, -0.517532
144, 116, 2.86714, -0.677559
144, 120, 2.97016, -0.791078
144, 124, 3.07923, -0.855248
144, 128, 3.18729, -0.884314
144, 132, 3.29062, -0.893248
144, 136, 3.38889, -0.894848
144, 140, 3.48214, -0.882566
144, 144, 3.56848, -0.84334
144, 148, 3.6437, -0.784067
144, 152, 3.70251, -0.721925
144, 156, 3.74101, -0.667362
144, 160, 3.75836, -0.622884
144, 164, 3.75902, -0.581891
144, 168, 3.7523, -0.53452
144, 172, 3.74562, -0.480008
144, 176, 3.7422, -0.422764
144, 180, 3.74467, -0.362369
144, 184, 3.75307, -0.298313
144, 188, 3.76441, -0.232907
144, 192, 3.7752, -0.168837
144, 196, 3.78261, -0.0979182
148, 0, 3.8187, -0.00857087
148, 4, 3.81642, 0.0741542
148, 8, 3.80897, 0.141284
148, 12, 3.79853, 0.202955
148, 16, 3.78685, 0.268478
148, 20, 3.7772, 0.336284
148, 24, 3.77208, 0.403108
148, 28, 3.7712, 0.465344
148, 32, 3.77177, 0.522154
148, 36, 3.7719, 0.569301
148, 40, 3.7686, 0.603123
148, 44, 3.75349, 0.633063
148, 48, 3.71865, 0.670947
148, 52, 3.66341, 0.719017
148, 56, 3.59292, 0.769793
148, 60, 3.51454, 0.806651
148, 64, 3.43424, 0.819371
148, 68, 3.35262, 0.816344
148, 72, 3.26513, 0.802163
148, 76, 3.16832, 0.768236
148, 80, 3.0652, 0.705341
148, 84, 2.9646, 0.602266
148, 88, 2.87683, 0.459257
148, 92, 2.80796, 0.301925
148, 96, 2.76246, 0.152117
148, 100, 2.7458, 0.0103983
148, 104, 2.76017, -0.131711
148, 108, 2.80324, -0.281967
148, 112, 2.86942, -0.439275
148, 116, 2.9543, -0.58279
148, 120, 3.05189, -0.687269
148, 124, 3.15202, -0.75168
148, 128, 3.24605, -0.787043
148, 132, 3.33095, -0.802839
148, 136, 3.41049, -0.807896
148, 140, 3.4897, -0.797849
148, 144, 3.56783, -0.764364
148, 148, 3.63846, -0.717402
148, 152, 3.6942, -0.673727
148, 156, 3.73014, -0.640731
148, 160, 3.74702, -0.614788
148, 164, 3.7525, -0.58334
148, 168, 3.75466, -0.537625
148, 172, 3.75621, -0.481987
148, 176, 3.75893, -0.420796
148, 180, 3.76581, -0.354312
148, 184, 3.77742, -0.285913
148, 188, 3.79131, -0.219768
148, 192, 3.80406, -0.158084
148, 196, 3.81393, -0.0911991
152, 0, 3.85487, -0.00730846
152, 4, 3.85116, 0.0675738
152, 8, 3.84133, 0.131249
152, 12, 3.8297, 0.191147
152, 16, 3.81787, 0.257206
152, 20, 3.80831, 0.32843
152, 24, 3.8018, 0.398856
152, 28, 3.79664, 0.462591
152, 32, 3.79035, 0.518156
152, 36, 3.78105, 0.56328
152, 40, 3.76814, 0.591852
152, 44, 3.74821, 0.608461
152, 48, 3.71533, 0.627732
152, 52, 3.66688, 0.658696
152, 56, 3.60509, 0.698102
152, 60, 3.53588, 0.731206
152, 64, 3.46611, 0.744818
152, 68, 3.39713, 0.739615
152, 72, 3.32249, 0.716375
152, 76, 3.23663, 0.672117
152, 80, 3.14204, 0.605188
152, 84, 3.04769, 0.509293
152, 88, 2.9656, 0.383506
152, 92, 2.90413, 0.247864
152, 96, 2.86607, 0.123143
152, 100, 2.85247, 0.00924464
152, 104, 2.86379, -0.104966
152, 108, 2.89973, -0.230208
152, 112, 2.959, -0.366093
152, 116, 3.03873, -0.492501
152, 120, 3.13078, -0.589773
152, 124, 3.22321, -0.65807
152, 128, 3.30697, -0.703649
152, 132, 3.37953, -0.728351
152, 136, 3.44664, -0.735001
152, 140, 3.51499, -0.723284
152, 144, 3.58329, -0.693048
152, 148, 3.64455, -0.657151
152, 152, 3.69291, -0.630047
152, 156, 3.72651, -0.614781
152, 160, 3.7482, -0.601398
152, 164, 3.76357, -0.574866
152, 168, 3.77548, -0.531237
152, 172, 3.78408, -0.477189
152, 176, 3.79115, -0.414813
152, 180, 3.79929, -0.344773
152, 184, 3.81033, -0.272858
152, 188, 3.82361, -0.206056
152, 192, 3.83687, -0.145925
152, 196, 3.84876, -0.0822174
156, 0, 3.87091, -0.00619715
156, 4, 3.8656, 0.0583834
156, 8, 3.85317, 0.119029
156, 12, 3.84054, 0.178934
156, 16, 3.82881, 0.246006
156, 20, 3.81802, 0.319703
156, 24, 3.80834, 0.391687
156, 28, 3.79908, 0.455305
156, 32, 3.7895, 0.50869
156, 36, 3.77712, 0.549579
156, 40, 3.75929, 0.572952
156, 44, 3.7352, 0.58153
156, 48, 3.70335, 0.589109
156, 52, 3.66185, 0.607543
156, 56, 3.6111, 0.637276
156, 60, 3.55446, 0.666659
156, 64, 3.49679, 0.681608
156, 68, 3.43956, 0.674959
156, 72, 3.37649, 0.64192
156, 76, 3.30156, 0.586056
156, 80, 3.21768, 0.513771
156, 84, 3.13286, 0.423217
156, 88, 3.05872, 0.314871
156, 92, 3.00547, 0.202265
156, 96, 2.9747, 0.0999813
156, 100, 2.96392, 0.00804643
156, 104, 2.9723, -0.0840418
156, 108, 3.0009, -0.18664
156, 112, 3.05225, -0.299522
156, 116, 3.12465, -0.408412
156, 120, 3.20807, -0.500069
156, 124, 3.29079, -0.573665
156, 128, 3.36434, -0.631
156, 132, 3.42583, -0.665524
156, 136, 3.48141, -0.673445
156, 140, 3.53752, -0.660086
156, 144, 3.59289, -0.63315
156, 148, 3.64285, -0.606471
156, 152, 3.68413, -0.591278
156, 156, 3.71654, -0.586712
156, 160, 3.74219, -0.580341
156, 164, 3.76238, -0.558509
156, 168, 3.7773, -0.519249
156, 172, 3.78908, -0.467833
156, 176, 3.80015, -0.405919
156, 180, 3.81141, -0.334574
156, 184, 3.82344, -0.260452
156, 188, 3.83617, -0.192669
156, 192, 3.84989, -0.13218
156, 196, 3.8638, -0.0710224
160, 0, 3.85386, -0.00549086
160, 4, 3.84767, 0.0471543
160, 8, 3.83439, 0.105614
160, 12, 3.82285, 0.167685
160, 16, 3.81285, 0.234699
160, 20, 3.80032, 0.307404
160, 24, 3.78515, 0.379141
160, 28, 3.77008, 0.443739
160, 32, 3.75759, 0.497903
160, 36, 3.74628, 0.535719
160, 40, 3.73167, 0.553191
160, 44, 3.71142, 0.555369
160, 48, 3.68454, 0.55514
160, 52, 3.65009, 0.565228
160, 56, 3.60954, 0.588841
160, 60, 3.56635, 0.615896
160, 64, 3.52338, 0.631587
160, 68, 3.48002, 0.622837
160, 72, 3.42985, 0.579447
160, 76, 3.36769, 0.511954
160, 80, 3.29689, 0.434307
160, 84, 3.22429, 0.347121
160, 88, 3.15979, 0.254381
160, 92, 3.11361, 0.163965
160, 96, 3.08771, 0.0814339
160, 100, 3.07879, 0.00679685
160, 104, 3.08523, -0.0678699
160, 108, 3.10891, -0.150349
160, 112, 3.15337, -0.240667
160, 116, 3.21665, -0.333572
160, 120, 3.28852, -0.421422
160, 124, 3.35883, -0.500406
160, 128, 3.42024, -0.569763
160, 132, 3.46926, -0.614883
160, 136, 3.51122, -0.624984
160, 140, 3.55276, -0.610761
160, 144, 3.59478, -0.58575
160, 148, 3.63467, -0.564603
160, 152, 3.66913, -0.557108
160, 156, 3.69664, -0.559577
160, 160, 3.71811, -0.558795
160, 164, 3.73438, -0.542433
160, 168, 3.74741, -0.506389
160, 172, 3.76141, -0.454537
160, 176, 3.77791, -0.391782
160, 180, 3.79457, -0.320822
160, 184, 3.80851, -0.24797
160, 188, 3.81977, -0.180391
160, 192, 3.8324, -0.117644
160, 196, 3.84669, -0.0584795
164, 0, 3.81566, -0.00515588
164, 4, 3.81066, 0.0363024
164, 8, 3.79978, 0.0933204
164, 12, 3.79079, 0.159132
164, 16, 3.78368, 0.224998
164, 20, 3.77212, 0.292471
164, 24, 3.75467, 0.361346
164, 28, 3.73599, 0.427659
164, 32, 3.72047, 0.485579
164, 36, 3.70861, 0.524439
164, 40, 3.69781, 0.539035
164, 44, 3.68496, 0.536231
164, 48, 3.66737, 0.529133
164, 52, 3.64337, 0.532269
164, 56, 3.61431, 0.552188
164, 60, 3.58413, 0.579496
164, 64, 3.55539, 0.596297
164, 68, 3.52556, 0.584129
164, 72, 3.48836, 0.530099
164, 76, 3.43969, 0.451186
164, 80, 3.38154, 0.367539
164, 84, 3.31987, 0.281879
164, 88, 3.26384, 0.201469
164, 92, 3.22234, 0.13005
164, 96, 3.19855, 0.0652626
164, 100, 3.19046, 0.00557072
164, 104, 3.19629, -0.0540148
164, 108, 3.21808, -0.118336
164, 112, 3.25803, -0.189096
164, 116, 3.31304, -0.269183
164, 120, 3.37405, -0.355134
164, 124, 3.43173, -0.440078
164, 128, 3.47992, -0.521157
164, 132, 3.51645, -0.577251
164, 136, 3.54537, -0.590935
164, 140, 3.57316, -0.575512
164, 144, 3.60256, -0.5499
164, 148, 3.63127, -0.531832
164, 152, 3.65553, -0.530649
164, 156, 3.67386, -0.539523
164, 160, 3.68762, -0.543467
164, 164, 3.69918, -0.529953
164, 168, 3.71163, -0.492982
164, 172, 3.7278, -0.437374
164, 176, 3.74745, -0.372679
164, 180, 3.76629, -0.304369
164, 184, 3.77949, -0.236739
164, 188, 3.78821, -0.170498
164, 192, 3.79847, -0.104315
164, 196, 3.81016, -0.0468554
168, 0, 3.7752, -0.00502394
168, 4, 3.77361, 0.029675
168, 8, 3.76874, 0.0846343
168, 12, 3.76291, 0.152904
168, 16, 3.75753, 0.21767
168, 20, 3.74831, 0.278469
168, 24, 3.73283, 0.342711
168, 28, 3.71527, 0.410057
168, 32, 3.69954, 0.471353
168, 36, 3.68607, 0.512971
168, 40, 3.67471, 0.528572
168, 44, 3.66469, 0.524392
168, 48, 3.65473, 0.513755
168, 52, 3.64365, 0.512461
168, 56, 3.63034, 0.529401
168, 60, 3.61479, 0.556548
168, 64, 3.59757, 0.573304
168, 68, 3.57697, 0.556693
168, 72, 3.54968, 0.493294
168, 76, 3.51287, 0.403155
168, 80, 3.46509, 0.311022
168, 84, 3.41115, 0.224965
168, 88, 3.3611, 0.154154
168, 92, 3.32331, 0.0986537
168, 96, 3.30153, 0.0503553
168, 100, 3.29441, 0.00455726
168, 104, 3.29985, -0.0410447
168, 108, 3.31997, -0.0886272
168, 112, 3.35627, -0.143067
168, 116, 3.40512, -0.213181
168, 120, 3.45808, -0.29934
168, 124, 3.50501, -0.392635
168, 128, 3.5412, -0.484814
168, 132, 3.56814, -0.55035
168, 136, 3.58843, -0.568584
168, 140, 3.60536, -0.55314
168, 144, 3.62077, -0.527463
168, 148, 3.63412, -0.511966
168, 152, 3.64548, -0.514759
168, 156, 3.65593, -0.526939
168, 160, 3.66639, -0.53243
168, 164, 3.67785, -0.518235
168, 168, 3.69127, -0.478525
168, 172, 3.7073, -0.419135
168, 176, 3.7258, -0.352848
168, 180, 3.74279, -0.288756
168, 184, 3.75376, -0.227673
168, 188, 3.7608, -0.162754
168, 192, 3.7679, -0.0946131
168, 196, 3.77343, -0.0397365
172, 0, 3.73938, -0.00504107
172, 4, 3.74231, 0.0303483
172, 8, 3.74647, 0.0824992
172, 12, 3.74653, 0.148982
172, 16, 3.74364, 0.212368
172, 20, 3.73807, 0.268004
172, 24, 3.72782, 0.327499
172, 28, 3.71449, 0.394569
172, 32, 3.70034, 0.456816
172, 36, 3.6854, 0.499232
172, 40, 3.67065, 0.516523
172, 44, 3.65832, 0.514646
172, 48, 3.65115, 0.507043
172, 52, 3.65059, 0.507767
172, 56, 3.65316, 0.52331
172, 60, 3.6523, 0.546456
172, 64, 3.64391, 0.558132
172, 68, 3.62706, 0.535125
172, 72, 3.60335, 0.464873
172, 76, 3.57353, 0.365249
172, 80, 3.53453, 0.262887
172, 84, 3.48882, 0.17482
172, 88, 3.44575, 0.112115
172, 92, 3.41323, 0.070672
172, 96, 3.39457, 0.0373064
172, 100, 3.38859, 0.00387813
172, 104, 3.39348, -0.0294142
172, 108, 3.4108, -0.0621696
172, 112, 3.44172, -0.10253
172, 116, 3.48319, -0.164303
172, 120, 3.52758, -0.252283
172, 124, 3.56548, -0.355646
172, 128, 3.59447, -0.456919
172, 132, 3.61778, -0.528997
172, 136, 3.63461, -0.553482
172, 140, 3.64328, -0.542939
172, 144, 3.64466, -0.521113
172, 148, 3.64257, -0.507029
172, 152, 3.64323, -0.507866
172, 156, 3.65024, -0.517017
172, 160, 3.66233, -0.520373
172, 164, 3.67682, -0.504668
172, 168, 3.69173, -0.463898
172, 172, 3.70646, -0.402873
172, 176, 3.72108, -0.336207
172, 180, 3.73307, -0.276532
172, 184, 3.7404, -0.220639
172, 188, 3.74481, -0.157387
172, 192, 3.74588, -0.0915689
172, 196, 3.74227, -0.0401443
176, 0, 3.71194, -0.00493089
176, 4, 3.71883, 0.0390914
176, 8, 3.73229, 0.089991
176, 12, 3.74156, 0.150557
176, 16, 3.74468, 0.210902
176, 20, 3.74529, 0.263761
176, 24, 3.74295, 0.31879
176, 28, 3.73505, 0.382184
176, 32, 3.72116, 0.441535
176, 36, 3.70307, 0.482131
176, 40, 3.68413, 0.500443
176, 44, 3.66884, 0.503463
176, 48, 3.66221, 0.504854
176, 52, 3.66684, 0.514149
176, 56, 3.67793, 0.530601
176, 60, 3.68514, 0.546109
176, 64, 3.68072, 0.546574
176, 68, 3.66334, 0.513714
176, 72, 3.63825, 0.438653
176, 76, 3.61111, 0.334403
176, 80, 3.58119, 0.224959
176, 84, 3.54826, 0.13485
176, 88, 3.51695, 0.0780994
176, 92, 3.49222, 0.0474721
176, 96, 3.47696, 0.0260455
176, 100, 3.47177, 0.00343319
176, 104, 3.47609, -0.0192245
176, 108, 3.49011, -0.0404503
176, 112, 3.51312, -0.0702941
176, 116, 3.5426, -0.125952
176, 120, 3.57409, -0.215554
176, 124, 3.60308, -0.32573
176, 128, 3.62951, -0.431354
176, 132, 3.65415, -0.507811
176, 136, 3.67154, -0.541685
176, 140, 3.67649, -0.541969
176, 144, 3.67011, -0.527645
176, 148, 3.65964, -0.513074
176, 152, 3.65492, -0.505985
176, 156, 3.66084, -0.5064
176, 160, 3.67539, -0.504757
176, 164, 3.69396, -0.487741
176, 168, 3.71223, -0.448247
176, 172, 3.7269, -0.389415
176, 176, 3.73612, -0.325917
176, 180, 3.73997, -0.270591
176, 184, 3.74077, -0.217664
176, 188, 3.73885, -0.157711
176, 192, 3.73067, -0.0981517
176, 196, 3.71812, -0.0484351
180, 0, 3.70279, -0.00429471
180, 4, 3.71131, 0.0531691
180, 8, 3.73008, 0.106786
180, 12, 3.748, 0.160647
180, 16, 3.75892, 0.215687
180, 20, 3.7661, 0.267011
180, 24, 3.77084, 0.317509
180, 28, 3.76731, 0.371993
180, 32, 3.75204, 0.423254
180, 36, 3.72946, 0.460612
180, 40, 3.70723, 0.481364
180, 44, 3.69183, 0.492051
180, 48, 3.68671, 0.50457
180, 52, 3.69125, 0.523487
180, 56, 3.70015, 0.541054
180, 60, 3.7045, 0.547538
180, 64, 3.6971, 0.53413
180, 68, 3.67691, 0.489913
180, 72, 3.64998, 0.411709
180, 76, 3.62394, 0.30848
180, 80, 3.60149, 0.19906
180, 84, 3.58261, 0.109801
180, 88, 3.56642, 0.0560451
180, 92, 3.55196, 0.0305548
180, 96, 3.54114, 0.0167195
180, 100, 3.53693, 0.00299858
180, 104, 3.54011, -0.0109632
180, 108, 3.54958, -0.0250528
180, 112, 3.56238, -0.0500634
180, 116, 3.57693, -0.102529
180, 120, 3.59456, -0.190702
180, 124, 3.6164, -0.300378
180, 128, 3.64218, -0.404847
180, 132, 3.66892, -0.484223
180, 136, 3.68907, -0.529023
180, 140, 3.69663, -0.542828
180, 144, 3.69256, -0.537472
180, 148, 3.68376, -0.522269
180, 152, 3.67889, -0.506244
180, 156, 3.68337, -0.495804
180, 160, 3.69822, -0.486207
180, 164, 3.72037, -0.466207
180, 168, 3.74334, -0.429442
180, 172, 3.75931, -0.378263
180, 176, 3.76372, -0.323433
180, 180, 3.75986, -0.27268
180, 184, 3.75347, -0.221418
180, 188, 3.7434, -0.166754
180, 192, 3.72666, -0.113742
180, 196, 3.70948, -0.0612318
184, 0, 3.71622, -0.0031668
184, 4, 3.72411, 0.0681106
184, 8, 3.74305, 0.128455
184, 12, 3.76533, 0.178479
184, 16, 3.78242, 0.226719
184, 20, 3.7936, 0.275289
184, 24, 3.80077, 0.320809
184, 28, 3.79891, 0.362865
184, 32, 3.78312, 0.401905
184, 36, 3.75864, 0.435808
184, 40, 3.73616, 0.46204
184, 44, 3.72268, 0.482712
184, 48, 3.71826, 0.504257
184, 52, 3.71814, 0.527907
184, 56, 3.71732, 0.544073
184, 60, 3.71129, 0.542375
184, 64, 3.69644, 0.51727
184, 68, 3.67251, 0.463801
184, 72, 3.6439, 0.383826
184, 76, 3.61724, 0.284765
184, 80, 3.59761, 0.181868
184, 84, 3.58704, 0.09861
184, 88, 3.5818, 0.0465632
184, 92, 3.57565, 0.0205093
184, 96, 3.56842, 0.00952482
184, 100, 3.56475, 0.00240219
184, 104, 3.567, -0.00505523
184, 108, 3.57278, -0.016503
184, 112, 3.57753, -0.0421178
184, 116, 3.58156, -0.0926363
184, 120, 3.59121, -0.174336
184, 124, 3.61039, -0.276894
184, 128, 3.63711, -0.376963
184, 132, 3.66583, -0.458173
184, 136, 3.68957, -0.512337
184, 140, 3.70374, -0.537969
184, 144, 3.7088, -0.540851
184, 148, 3.70872, -0.527127
184, 152, 3.70822, -0.506422
184, 156, 3.71238, -0.486844
184, 160, 3.72598, -0.466899
184, 164, 3.74895, -0.440994
184, 168, 3.77416, -0.407434
184, 172, 3.79077, -0.36836
184, 176, 3.79341, -0.325969
184, 180, 3.78685, -0.280324
184, 184, 3.77619, -0.231828
184, 188, 3.75978, -0.183661
184, 192, 3.7387, -0.133897
184, 196, 3.72169, -0.074115
188, 0, 3.75016, -0.00193407
188, 4, 3.75655, 0.0810118
188, 8, 3.77286, 0.150015
188, 12, 3.79511, 0.200308
188, 16, 3.81466, 0.241543
188, 20, 3.82573, 0.2838
188, 24, 3.82934, 0.323477
188, 28, 3.82562, 0.354442
188, 32, 3.81215, 0.381566
188, 36, 3.79173, 0.412253
188, 40, 3.77238, 0.444582
188, 44, 3.75937, 0.474024
188, 48, 3.75184, 0.500533
188, 52, 3.74494, 0.523635
188, 56, 3.73443, 0.53569
188, 60, 3.71806, 0.527226
188, 64, 3.69487, 0.494166
188, 68, 3.66567, 0.434622
188, 72, 3.63342, 0.353651
188, 76, 3.60324, 0.259699
188, 80, 3.58106, 0.166588
188, 84, 3.56939, 0.092573
188, 88, 3.56407, 0.042865
188, 92, 3.55856, 0.0139602
188, 96, 3.5514, 0.00295053
188, 100, 3.54726, 0.00156979
188, 104, 3.54955, -7.43025e-05
188, 108, 3.55515, -0.0113491
188, 112, 3.55954, -0.0395229
188, 116, 3.56408, -0.087471
188, 120, 3.57511, -0.159709
188, 124, 3.59686, -0.25199
188, 128, 3.62708, -0.346572
188, 132, 3.65956, -0.428925
188, 136, 3.68859, -0.489798
188, 140, 3.71075, -0.524091
188, 144, 3.72548, -0.533902
188, 148, 3.73446, -0.523908
188, 152, 3.74047, -0.503144
188, 156, 3.7479, -0.47803
188, 160, 3.76138, -0.448903
188, 164, 3.78153, -0.416636
188, 168, 3.80299, -0.386123
188, 172, 3.81765, -0.358942
188, 176, 3.82246, -0.327812
188, 180, 3.81966, -0.288239
188, 184, 3.80919, -0.246113
188, 188, 3.79027, -0.204664
188, 192, 3.76903, -0.153986
188, 196, 3.75437, -0.0848462
192, 0, 3.80899, -0.00100511
192, 4, 3.81349, 0.0910536
192, 8, 3.82564, 0.168418
192, 12, 3.84377, 0.221661
192, 16, 3.86081, 0.256319
192, 20, 3.86769, 0.287836
192, 24, 3.86323, 0.320118
192, 28, 3.8538, 0.345908
192, 32, 3.84324, 0.36736
192, 36, 3.82995, 0.394664
192, 40, 3.81356, 0.428638
192, 44, 3.7977, 0.462603
192, 48, 3.78512, 0.491877
192, 52, 3.77362, 0.513074
192, 56, 3.75825, 0.519608
192, 60, 3.7361, 0.504232
192, 64, 3.70688, 0.464609
192, 68, 3.67181, 0.400474
192, 72, 3.63335, 0.318431
192, 76, 3.59608, 0.22925
192, 80, 3.56585, 0.145939
192, 84, 3.54412, 0.0804418
192, 88, 3.52742, 0.033854
192, 92, 3.51297, 0.00439884
192, 96, 3.5011, -0.00522967
192, 100, 3.4955, 0.000529264
192, 104, 3.49901, 0.00627043
192, 108, 3.50934, -0.00305678
192, 112, 3.52289, -0.0312812
192, 116, 3.53903, -0.0759287
192, 120, 3.56023, -0.139614
192, 124, 3.58999, -0.221807
192, 128, 3.62717, -0.311164
192, 132, 3.66593, -0.394526
192, 136, 3.70123, -0.460567
192, 140, 3.73008, -0.502272
192, 144, 3.75113, -0.519428
192, 148, 3.76507, -0.514682
192, 152, 3.77553, -0.49506
192, 156, 3.78783, -0.466418
192, 160, 3.80404, -0.432316
192, 164, 3.82119, -0.398089
192, 168, 3.83564, -0.370648
192, 172, 3.84759, -0.349108
192, 176, 3.85821, -0.323437
192, 180, 3.86352, -0.291562
192, 184, 3.85726, -0.260314
192, 188, 3.84079, -0.225348
192, 192, 3.82332, -0.171335
192, 196, 3.81215, -0.0932941
196, 0, 3.89659, -0.000459096
196, 4, 3.89884, 0.0991992
196, 8, 3.90509, 0.184242
196, 12, 3.91516, 0.242185
196, 16, 3.92502, 0.272673
196, 20, 3.92643, 0.291982
196, 24, 3.91595, 0.31528
196, 28, 3.9014, 0.341384
196, 32, 3.89029, 0.364746
196, 36, 3.87908, 0.388826
196, 40, 3.86214, 0.419593
196, 44, 3.84247, 0.456039
196, 48, 3.82584, 0.489718
196, 52, 3.81131, 0.510243
196, 56, 3.79304, 0.510293
196, 60, 3.7681, 0.486515
196, 64, 3.73614, 0.438066
196, 68, 3.69661, 0.365953
196, 72, 3.65106, 0.279264
196, 76, 3.6043, 0.191501
196, 80, 3.56104, 0.113595
196, 84, 3.52152, 0.05199
196, 88, 3.48459, 0.00774828
196, 92, 3.45233, -0.0177341
196, 96, 3.42934, -0.0193806
196, 100, 3.42025, -0.000529328
196, 104, 3.42754, 0.0186834
196, 108, 3.44932, 0.0180777
196, 112, 3.48097, -0.00568765
196, 116, 3.51751, -0.0478793
196, 120, 3.55662, -0.107689
196, 124, 3.59941, -0.184336
196, 128, 3.64589, -0.271837
196, 132, 3.69157, -0.359524
196, 136, 3.73145, -0.433719
196, 140, 3.76362, -0.484813
196, 144, 3.78829, -0.511091
196, 148, 3.8057, -0.513066
196, 152, 3.81942, -0.493619
196, 156, 3.83574, -0.459917
196, 160, 3.85556, -0.422895
196, 164, 3.87301, -0.391475
196, 168, 3.88513, -0.366882
196, 172, 3.89736, -0.343441
196, 176, 3.91282, -0.317801
196, 180, 3.92388, -0.295173
196, 184, 3.92293, -0.276204
196, 188, 3.91348, -0.245398
196, 192, 3.90383, -0.186558
196, 196, 3.8981, -0.100537
